partID,measure,movement,leg,rep,result_n,result_bw,age,gender,height,boxRatio,weight,weightKg,yearsTraining,preferredFoot
A01,VertPeak,Drop,Precision,1,907.9020385,1.3196250559593024,28,Male,169.1,0.57,688,70.1,10,Left
A01,VertPeak,Drop,Precision,2,1117.4500885,1.6242007100290698,28,Male,169.1,0.57,688,70.1,10,Left
A01,VertPeak,Drop,Precision,3,939.471344,1.3655106744186047,28,Male,169.1,0.57,688,70.1,10,Left
A01,VertPeak,Drop,Running,1,2047.709709,2.9763222514534884,28,Male,169.1,0.57,688,70.1,10,Left
A01,VertPeak,Drop,Running,2,1883.81031,2.738096380813954,28,Male,169.1,0.57,688,70.1,10,Left
A01,VertPeak,Drop,Running,3,1896.315826,2.7562730029069766,28,Male,169.1,0.57,688,70.1,10,Left
A01,VertPeak,Step,Precision,1,1349.091133,1.9608882747093022,28,Male,169.1,0.57,688,70.1,10,Left
A01,VertPeak,Step,Precision,2,1431.386364,2.0805034360465116,28,Male,169.1,0.57,688,70.1,10,Left
A01,VertPeak,Step,Precision,3,1099.185028,1.5976526569767444,28,Male,169.1,0.57,688,70.1,10,Left
A01,VertPeak,Step,Running,1,2044.078568,2.971044430232558,28,Male,169.1,0.57,688,70.1,10,Left
A01,VertPeak,Step,Running,2,1489.147171,2.164458097383721,28,Male,169.1,0.57,688,70.1,10,Left
A01,VertPeak,Step,Running,3,1366.134552,1.9856606860465116,28,Male,169.1,0.57,688,70.1,10,Left
A01,VertPeak,Dash,Precision,1,1399.0681765,2.0335293263081393,28,Male,169.1,0.57,688,70.1,10,Left
A01,VertPeak,Dash,Precision,2,1661.2291795,2.4145772957848837,28,Male,169.1,0.57,688,70.1,10,Left
A01,VertPeak,Dash,Precision,3,1063.7490385,1.5461468582848839,28,Male,169.1,0.57,688,70.1,10,Left
A01,VertPeak,Dash,Running,1,1990.553017,2.893245664244186,28,Male,169.1,0.57,688,70.1,10,Left
A01,VertPeak,Dash,Running,2,1895.468857,2.7550419433139535,28,Male,169.1,0.57,688,70.1,10,Left
A01,VertPeak,Dash,Running,3,2542.277283,3.695170469476744,28,Male,169.1,0.57,688,70.1,10,Left
A01,VertPeak,Kong,Precision,1,1674.3005065,2.4335763175872094,28,Male,169.1,0.57,688,70.1,10,Left
A01,VertPeak,Kong,Precision,2,1884.204117,2.738668774709302,28,Male,169.1,0.57,688,70.1,10,Left
A01,VertPeak,Kong,Precision,3,1520.14373,2.2095112354651163,28,Male,169.1,0.57,688,70.1,10,Left
A01,VertPeak,Kong,Running,1,2001.245911,2.9087876613372092,28,Male,169.1,0.57,688,70.1,10,Left
A01,VertPeak,Kong,Running,2,2515.0495,3.6555952034883723,28,Male,169.1,0.57,688,70.1,10,Left
A01,VertPeak,Kong,Running,3,2294.21962,3.334621540697674,28,Male,169.1,0.57,688,70.1,10,Left
A01,HorzPeak,Drop,Precision,1,230.3103485,0.33475341351744187,28,Male,169.1,0.57,688,70.1,10,Left
A01,HorzPeak,Drop,Precision,2,319.3004305,0.46409946293604654,28,Male,169.1,0.57,688,70.1,10,Left
A01,HorzPeak,Drop,Precision,3,264.088852,0.38385007558139533,28,Male,169.1,0.57,688,70.1,10,Left
A01,HorzPeak,Drop,Running,1,377.536118,0.5487443575581396,28,Male,169.1,0.57,688,70.1,10,Left
A01,HorzPeak,Drop,Running,2,385.683762,0.5605868633720931,28,Male,169.1,0.57,688,70.1,10,Left
A01,HorzPeak,Drop,Running,3,419.435669,0.6096448677325582,28,Male,169.1,0.57,688,70.1,10,Left
A01,HorzPeak,Step,Precision,1,327.1145935,0.4754572579941861,28,Male,169.1,0.57,688,70.1,10,Left
A01,HorzPeak,Step,Precision,2,388.6503295,0.564898734738372,28,Male,169.1,0.57,688,70.1,10,Left
A01,HorzPeak,Step,Precision,3,294.4882125,0.4280351925872093,28,Male,169.1,0.57,688,70.1,10,Left
A01,HorzPeak,Step,Running,1,365.921219,0.5318622369186047,28,Male,169.1,0.57,688,70.1,10,Left
A01,HorzPeak,Step,Running,2,311.861191,0.4532866148255814,28,Male,169.1,0.57,688,70.1,10,Left
A01,HorzPeak,Step,Running,3,216.555222,0.31476049709302323,28,Male,169.1,0.57,688,70.1,10,Left
A01,HorzPeak,Dash,Precision,1,270.7727585,0.39356505595930236,28,Male,169.1,0.57,688,70.1,10,Left
A01,HorzPeak,Dash,Precision,2,350.118103,0.5088925915697675,28,Male,169.1,0.57,688,70.1,10,Left
A01,HorzPeak,Dash,Precision,3,237.824791,0.3456755683139535,28,Male,169.1,0.57,688,70.1,10,Left
A01,HorzPeak,Dash,Running,1,213.575081,0.3104288968023256,28,Male,169.1,0.57,688,70.1,10,Left
A01,HorzPeak,Dash,Running,2,190.761322,0.277269363372093,28,Male,169.1,0.57,688,70.1,10,Left
A01,HorzPeak,Dash,Running,3,247.096397,0.3591517398255814,28,Male,169.1,0.57,688,70.1,10,Left
A01,HorzPeak,Kong,Precision,1,451.991974,0.6569650784883722,28,Male,169.1,0.57,688,70.1,10,Left
A01,HorzPeak,Kong,Precision,2,568.382736,0.8261376976744187,28,Male,169.1,0.57,688,70.1,10,Left
A01,HorzPeak,Kong,Precision,3,343.9239655,0.4998894847383721,28,Male,169.1,0.57,688,70.1,10,Left
A01,HorzPeak,Kong,Running,1,563.872284,0.819581808139535,28,Male,169.1,0.57,688,70.1,10,Left
A01,HorzPeak,Kong,Running,2,614.133057,0.8926352572674419,28,Male,169.1,0.57,688,70.1,10,Left
A01,HorzPeak,Kong,Running,3,659.563416,0.9586677558139535,28,Male,169.1,0.57,688,70.1,10,Left
A02,VertPeak,Drop,Precision,1,1202.0642395,2.030513918074324,32,Female,160.2,0.6,592,60.3,7,Right
A02,VertPeak,Drop,Precision,2,896.513298,1.514380570945946,32,Female,160.2,0.6,592,60.3,7,Right
A02,VertPeak,Drop,Precision,3,1100.3246535,1.8586565092905407,32,Female,160.2,0.6,592,60.3,7,Right
A02,VertPeak,Drop,Running,1,1897.833593,3.205799988175676,32,Female,160.2,0.6,592,60.3,7,Right
A02,VertPeak,Drop,Running,2,1540.720811,2.6025689375,32,Female,160.2,0.6,592,60.3,7,Right
A02,VertPeak,Drop,Running,3,1800.065125,3.040650548986487,32,Female,160.2,0.6,592,60.3,7,Right
A02,VertPeak,Step,Precision,1,1243.3691175,2.1002856714527027,32,Female,160.2,0.6,592,60.3,7,Right
A02,VertPeak,Step,Precision,2,1351.629135,2.283157322635135,32,Female,160.2,0.6,592,60.3,7,Right
A02,VertPeak,Step,Precision,3,1437.060791,2.427467552364865,32,Female,160.2,0.6,592,60.3,7,Right
A02,VertPeak,Step,Running,1,1691.746004,2.857679060810811,32,Female,160.2,0.6,592,60.3,7,Right
A02,VertPeak,Step,Running,2,2008.805016,3.3932517162162164,32,Female,160.2,0.6,592,60.3,7,Right
A02,VertPeak,Step,Running,3,2211.504257,3.73564908277027,32,Female,160.2,0.6,592,60.3,7,Right
A02,VertPeak,Dash,Precision,1,1142.4652405,1.9298399332770269,32,Female,160.2,0.6,592,60.3,7,Right
A02,VertPeak,Dash,Precision,2,1126.260998,1.902467902027027,32,Female,160.2,0.6,592,60.3,7,Right
A02,VertPeak,Dash,Precision,3,1354.8546525,2.2886058319256755,32,Female,160.2,0.6,592,60.3,7,Right
A02,VertPeak,Dash,Running,1,1347.142509,2.2755785625000002,32,Female,160.2,0.6,592,60.3,7,Right
A02,VertPeak,Dash,Running,2,1236.975914,2.0894863412162166,32,Female,160.2,0.6,592,60.3,7,Right
A02,VertPeak,Dash,Running,3,1331.825283,2.2497048699324322,32,Female,160.2,0.6,592,60.3,7,Right
A02,VertPeak,Kong,Precision,1,1533.7021105,2.590713024493243,32,Female,160.2,0.6,592,60.3,7,Right
A02,VertPeak,Kong,Precision,2,1593.057205,2.690975008445946,32,Female,160.2,0.6,592,60.3,7,Right
A02,VertPeak,Kong,Precision,3,1643.0912055,2.7754919011824324,32,Female,160.2,0.6,592,60.3,7,Right
A02,VertPeak,Kong,Running,1,2007.860114,3.391655597972973,32,Female,160.2,0.6,592,60.3,7,Right
A02,VertPeak,Kong,Running,2,1902.395493,3.2135059003378377,32,Female,160.2,0.6,592,60.3,7,Right
A02,VertPeak,Kong,Running,3,1912.534271,3.230632214527027,32,Female,160.2,0.6,592,60.3,7,Right
A02,HorzPeak,Drop,Precision,1,284.46653,0.48051778716216215,32,Female,160.2,0.6,592,60.3,7,Right
A02,HorzPeak,Drop,Precision,2,208.445938,0.352104625,32,Female,160.2,0.6,592,60.3,7,Right
A02,HorzPeak,Drop,Precision,3,254.475876,0.42985789864864865,32,Female,160.2,0.6,592,60.3,7,Right
A02,HorzPeak,Drop,Running,1,277.668045,0.4690338597972973,32,Female,160.2,0.6,592,60.3,7,Right
A02,HorzPeak,Drop,Running,2,223.347618,0.37727638175675676,32,Female,160.2,0.6,592,60.3,7,Right
A02,HorzPeak,Drop,Running,3,341.277084,0.5764815608108108,32,Female,160.2,0.6,592,60.3,7,Right
A02,HorzPeak,Step,Precision,1,333.150131,0.5627535996621621,32,Female,160.2,0.6,592,60.3,7,Right
A02,HorzPeak,Step,Precision,2,386.9959565,0.6537093859797297,32,Female,160.2,0.6,592,60.3,7,Right
A02,HorzPeak,Step,Precision,3,268.506706,0.453558625,32,Female,160.2,0.6,592,60.3,7,Right
A02,HorzPeak,Step,Running,1,281.116684,0.47485926351351354,32,Female,160.2,0.6,592,60.3,7,Right
A02,HorzPeak,Step,Running,2,352.893867,0.5961045050675675,32,Female,160.2,0.6,592,60.3,7,Right
A02,HorzPeak,Step,Running,3,382.432724,0.646001222972973,32,Female,160.2,0.6,592,60.3,7,Right
A02,HorzPeak,Dash,Precision,1,202.7253725,0.34244150760135134,32,Female,160.2,0.6,592,60.3,7,Right
A02,HorzPeak,Dash,Precision,2,208.7211305,0.35256947719594595,32,Female,160.2,0.6,592,60.3,7,Right
A02,HorzPeak,Dash,Precision,3,209.356354,0.3536424898648649,32,Female,160.2,0.6,592,60.3,7,Right
A02,HorzPeak,Dash,Running,1,157.07262,0.2653253716216216,32,Female,160.2,0.6,592,60.3,7,Right
A02,HorzPeak,Dash,Running,2,113.700275,0.19206127533783784,32,Female,160.2,0.6,592,60.3,7,Right
A02,HorzPeak,Dash,Running,3,130.002636,0.2195990472972973,32,Female,160.2,0.6,592,60.3,7,Right
A02,HorzPeak,Kong,Precision,1,446.364273,0.753993704391892,32,Female,160.2,0.6,592,60.3,7,Right
A02,HorzPeak,Kong,Precision,2,351.349167,0.593495214527027,32,Female,160.2,0.6,592,60.3,7,Right
A02,HorzPeak,Kong,Precision,3,410.801132,0.693920831081081,32,Female,160.2,0.6,592,60.3,7,Right
A02,HorzPeak,Kong,Running,1,479.257675,0.809556883445946,32,Female,160.2,0.6,592,60.3,7,Right
A02,HorzPeak,Kong,Running,2,503.999924,0.851351222972973,32,Female,160.2,0.6,592,60.3,7,Right
A02,HorzPeak,Kong,Running,3,461.325577,0.7792661773648649,32,Female,160.2,0.6,592,60.3,7,Right
A03,VertPeak,Drop,Precision,1,1721.367218,2.4911247727930537,40,Male,167,0.57,691,70.4,15,Left
A03,VertPeak,Drop,Precision,2,992.6029665,1.4364731787264833,40,Male,167,0.57,691,70.4,15,Left
A03,VertPeak,Drop,Precision,3,924.8379745,1.3384051729377713,40,Male,167,0.57,691,70.4,15,Left
A03,VertPeak,Drop,Running,1,2421.757141,3.5047136628075255,40,Male,167,0.57,691,70.4,15,Left
A03,VertPeak,Drop,Running,2,2149.922585,3.111320672937771,40,Male,167,0.57,691,70.4,15,Left
A03,VertPeak,Drop,Running,3,2253.881622,3.2617679044862515,40,Male,167,0.57,691,70.4,15,Left
A03,VertPeak,Step,Precision,1,934.5660325,1.352483404486252,40,Male,167,0.57,691,70.4,15,Left
A03,VertPeak,Step,Precision,2,1028.6301805,1.488610970332851,40,Male,167,0.57,691,70.4,15,Left
A03,VertPeak,Step,Precision,3,840.026291,1.2156675701881332,40,Male,167,0.57,691,70.4,15,Left
A03,VertPeak,Step,Running,1,1627.492479,2.3552713154848046,40,Male,167,0.57,691,70.4,15,Left
A03,VertPeak,Step,Running,2,1813.300903,2.6241691794500723,40,Male,167,0.57,691,70.4,15,Left
A03,VertPeak,Step,Running,3,1624.829697,2.3514177959479015,40,Male,167,0.57,691,70.4,15,Left
A03,VertPeak,Dash,Precision,1,1017.8106615,1.4729532004341535,40,Male,167,0.57,691,70.4,15,Left
A03,VertPeak,Dash,Precision,2,958.153206,1.3866182431259044,40,Male,167,0.57,691,70.4,15,Left
A03,VertPeak,Dash,Precision,3,795.8421555,1.1517252612156295,40,Male,167,0.57,691,70.4,15,Left
A03,VertPeak,Dash,Running,1,2095.145428,3.0320483762662804,40,Male,167,0.57,691,70.4,15,Left
A03,VertPeak,Dash,Running,2,2092.4888,3.0282037626628076,40,Male,167,0.57,691,70.4,15,Left
A03,VertPeak,Dash,Running,3,1796.413481,2.5997300738060782,40,Male,167,0.57,691,70.4,15,Left
A03,VertPeak,Kong,Precision,1,1910.942749,2.765474311143271,40,Male,167,0.57,691,70.4,15,Left
A03,VertPeak,Kong,Precision,2,1170.2032165,1.6934923538350217,40,Male,167,0.57,691,70.4,15,Left
A03,VertPeak,Kong,Precision,3,1100.3518675,1.5924050180897251,40,Male,167,0.57,691,70.4,15,Left
A03,VertPeak,Kong,Running,1,3042.4673,4.402991751085383,40,Male,167,0.57,691,70.4,15,Left
A03,VertPeak,Kong,Running,2,3001.390869,4.343546843704775,40,Male,167,0.57,691,70.4,15,Left
A03,VertPeak,Kong,Running,3,2790.092529,4.037760534008683,40,Male,167,0.57,691,70.4,15,Left
A03,HorzPeak,Drop,Precision,1,489.8780365,0.7089407185238784,40,Male,167,0.57,691,70.4,15,Left
A03,HorzPeak,Drop,Precision,2,177.184448,0.2564174356005789,40,Male,167,0.57,691,70.4,15,Left
A03,HorzPeak,Drop,Precision,3,202.180893,0.29259174095513746,40,Male,167,0.57,691,70.4,15,Left
A03,HorzPeak,Drop,Running,1,338.971954,0.4905527554269175,40,Male,167,0.57,691,70.4,15,Left
A03,HorzPeak,Drop,Running,2,305.296822,0.44181884515195374,40,Male,167,0.57,691,70.4,15,Left
A03,HorzPeak,Drop,Running,3,362.651268,0.5248209377713459,40,Male,167,0.57,691,70.4,15,Left
A03,HorzPeak,Step,Precision,1,216.3007125,0.3130256331403763,40,Male,167,0.57,691,70.4,15,Left
A03,HorzPeak,Step,Precision,2,278.1312255,0.4025053914616498,40,Male,167,0.57,691,70.4,15,Left
A03,HorzPeak,Step,Precision,3,233.9854585,0.3386186085383502,40,Male,167,0.57,691,70.4,15,Left
A03,HorzPeak,Step,Running,1,178.498158,0.2583186078147612,40,Male,167,0.57,691,70.4,15,Left
A03,HorzPeak,Step,Running,2,233.173767,0.3374439464544139,40,Male,167,0.57,691,70.4,15,Left
A03,HorzPeak,Step,Running,3,195.85965,0.2834437771345875,40,Male,167,0.57,691,70.4,15,Left
A03,HorzPeak,Dash,Precision,1,198.831421,0.2877444587554269,40,Male,167,0.57,691,70.4,15,Left
A03,HorzPeak,Dash,Precision,2,233.5963745,0.33805553473227207,40,Male,167,0.57,691,70.4,15,Left
A03,HorzPeak,Dash,Precision,3,205.824013,0.297863984081042,40,Male,167,0.57,691,70.4,15,Left
A03,HorzPeak,Dash,Running,1,192.543436,0.2786446251808973,40,Male,167,0.57,691,70.4,15,Left
A03,HorzPeak,Dash,Running,2,267.357513,0.3869139117221418,40,Male,167,0.57,691,70.4,15,Left
A03,HorzPeak,Dash,Running,3,133.127188,0.19265873806078146,40,Male,167,0.57,691,70.4,15,Left
A03,HorzPeak,Kong,Precision,1,513.541977,0.7431866526772792,40,Male,167,0.57,691,70.4,15,Left
A03,HorzPeak,Kong,Precision,2,302.8632505,0.4382970340086831,40,Male,167,0.57,691,70.4,15,Left
A03,HorzPeak,Kong,Precision,3,301.7571485,0.4366963075253257,40,Male,167,0.57,691,70.4,15,Left
A03,HorzPeak,Kong,Running,1,494.318207,0.7153664356005788,40,Male,167,0.57,691,70.4,15,Left
A03,HorzPeak,Kong,Running,2,593.533417,0.858948505065123,40,Male,167,0.57,691,70.4,15,Left
A03,HorzPeak,Kong,Running,3,617.455872,0.8935685557163531,40,Male,167,0.57,691,70.4,15,Left
A04,VertPeak,Drop,Precision,1,1118.5029145,1.5321957732876714,25,Male,175.9,0.55,730,74.4,7,Right
A04,VertPeak,Drop,Precision,2,1024.3186035,1.4031761691780824,25,Male,175.9,0.55,730,74.4,7,Right
A04,VertPeak,Drop,Precision,3,1198.8419645,1.6422492664383561,25,Male,175.9,0.55,730,74.4,7,Right
A04,VertPeak,Drop,Running,1,2387.777771,3.2709284534246574,25,Male,175.9,0.55,730,74.4,7,Right
A04,VertPeak,Drop,Running,2,2123.040375,2.90827448630137,25,Male,175.9,0.55,730,74.4,7,Right
A04,VertPeak,Drop,Running,3,2184.316803,2.9922147986301373,25,Male,175.9,0.55,730,74.4,7,Right
A04,VertPeak,Step,Precision,1,1067.5370025,1.462379455479452,25,Male,175.9,0.55,730,74.4,7,Right
A04,VertPeak,Step,Precision,2,1176.9614105,1.6122759047945205,25,Male,175.9,0.55,730,74.4,7,Right
A04,VertPeak,Step,Precision,3,1024.8014680000001,1.4038376273972604,25,Male,175.9,0.55,730,74.4,7,Right
A04,VertPeak,Step,Running,1,1782.44426,2.441704465753425,25,Male,175.9,0.55,730,74.4,7,Right
A04,VertPeak,Step,Running,2,1802.103989,2.468635601369863,25,Male,175.9,0.55,730,74.4,7,Right
A04,VertPeak,Step,Running,3,1789.20186,2.4509614520547944,25,Male,175.9,0.55,730,74.4,7,Right
A04,VertPeak,Dash,Precision,1,1142.6519165,1.5652765979452055,25,Male,175.9,0.55,730,74.4,7,Right
A04,VertPeak,Dash,Precision,2,936.1121595,1.2823454239726026,25,Male,175.9,0.55,730,74.4,7,Right
A04,VertPeak,Dash,Precision,3,1083.805359,1.4846648753424656,25,Male,175.9,0.55,730,74.4,7,Right
A04,VertPeak,Dash,Running,1,1564.479263,2.143122278082192,25,Male,175.9,0.55,730,74.4,7,Right
A04,VertPeak,Dash,Running,2,1807.079605,2.47545151369863,25,Male,175.9,0.55,730,74.4,7,Right
A04,VertPeak,Dash,Running,3,1608.782379,2.2038114780821916,25,Male,175.9,0.55,730,74.4,7,Right
A04,VertPeak,Kong,Precision,1,1280.542343,1.754167593150685,25,Male,175.9,0.55,730,74.4,7,Right
A04,VertPeak,Kong,Precision,2,1210.376251,1.6580496589041094,25,Male,175.9,0.55,730,74.4,7,Right
A04,VertPeak,Kong,Precision,3,1277.5769045,1.750105348630137,25,Male,175.9,0.55,730,74.4,7,Right
A04,VertPeak,Kong,Running,1,2302.494995,3.154102732876712,25,Male,175.9,0.55,730,74.4,7,Right
A04,VertPeak,Kong,Running,2,2263.496933,3.100680730136986,25,Male,175.9,0.55,730,74.4,7,Right
A04,VertPeak,Kong,Running,3,2719.348206,3.7251345287671236,25,Male,175.9,0.55,730,74.4,7,Right
A04,HorzPeak,Drop,Precision,1,215.8344955,0.2956636924657534,25,Male,175.9,0.55,730,74.4,7,Right
A04,HorzPeak,Drop,Precision,2,204.460121,0.28008235753424654,25,Male,175.9,0.55,730,74.4,7,Right
A04,HorzPeak,Drop,Precision,3,215.967163,0.2958454287671233,25,Male,175.9,0.55,730,74.4,7,Right
A04,HorzPeak,Drop,Running,1,193.622406,0.26523617260273974,25,Male,175.9,0.55,730,74.4,7,Right
A04,HorzPeak,Drop,Running,2,96.690151,0.1324522616438356,25,Male,175.9,0.55,730,74.4,7,Right
A04,HorzPeak,Drop,Running,3,114.653889,0.15706012191780822,25,Male,175.9,0.55,730,74.4,7,Right
A04,HorzPeak,Step,Precision,1,285.727211,0.3914071383561644,25,Male,175.9,0.55,730,74.4,7,Right
A04,HorzPeak,Step,Precision,2,316.6248625,0.4337326883561644,25,Male,175.9,0.55,730,74.4,7,Right
A04,HorzPeak,Step,Precision,3,282.761238,0.3873441616438356,25,Male,175.9,0.55,730,74.4,7,Right
A04,HorzPeak,Step,Running,1,278.266251,0.38118664520547946,25,Male,175.9,0.55,730,74.4,7,Right
A04,HorzPeak,Step,Running,2,233.590179,0.3199865465753425,25,Male,175.9,0.55,730,74.4,7,Right
A04,HorzPeak,Step,Running,3,57.965589,0.07940491643835616,25,Male,175.9,0.55,730,74.4,7,Right
A04,HorzPeak,Dash,Precision,1,328.5329435,0.45004512808219177,25,Male,175.9,0.55,730,74.4,7,Right
A04,HorzPeak,Dash,Precision,2,208.67379,0.28585450684931507,25,Male,175.9,0.55,730,74.4,7,Right
A04,HorzPeak,Dash,Precision,3,303.800186,0.41616463835616435,25,Male,175.9,0.55,730,74.4,7,Right
A04,HorzPeak,Dash,Running,1,174.351822,0.23883811232876712,25,Male,175.9,0.55,730,74.4,7,Right
A04,HorzPeak,Dash,Running,2,55.993452,0.07670335890410959,25,Male,175.9,0.55,730,74.4,7,Right
A04,HorzPeak,Dash,Running,3,106.259289,0.1455606698630137,25,Male,175.9,0.55,730,74.4,7,Right
A04,HorzPeak,Kong,Precision,1,388.102585,0.5316473767123288,25,Male,175.9,0.55,730,74.4,7,Right
A04,HorzPeak,Kong,Precision,2,316.1697235,0.4331092102739726,25,Male,175.9,0.55,730,74.4,7,Right
A04,HorzPeak,Kong,Precision,3,380.263504,0.5209089095890411,25,Male,175.9,0.55,730,74.4,7,Right
A04,HorzPeak,Kong,Running,1,558.987259,0.7657359712328767,25,Male,175.9,0.55,730,74.4,7,Right
A04,HorzPeak,Kong,Running,2,489.829224,0.6709989369863014,25,Male,175.9,0.55,730,74.4,7,Right
A04,HorzPeak,Kong,Running,3,334.200607,0.4578090506849315,25,Male,175.9,0.55,730,74.4,7,Right
A05,VertPeak,Drop,Precision,1,1781.503601,2.8143816761453393,24,Female,165.9,0.58,633,64.5,8,Right
A05,VertPeak,Drop,Precision,2,1298.1809845,2.0508388380726696,24,Female,165.9,0.58,633,64.5,8,Right
A05,VertPeak,Drop,Precision,3,1457.5842895,2.3026608048973145,24,Female,165.9,0.58,633,64.5,8,Right
A05,VertPeak,Drop,Running,1,2426.080956,3.832671336492891,24,Female,165.9,0.58,633,64.5,8,Right
A05,VertPeak,Drop,Running,2,2593.200867,4.096683834123223,24,Female,165.9,0.58,633,64.5,8,Right
A05,VertPeak,Drop,Running,3,2661.30838,4.204278641390205,24,Female,165.9,0.58,633,64.5,8,Right
A05,VertPeak,Step,Precision,1,1430.2319945,2.259450228278041,24,Female,165.9,0.58,633,64.5,8,Right
A05,VertPeak,Step,Precision,2,1150.041321,1.816810933649289,24,Female,165.9,0.58,633,64.5,8,Right
A05,VertPeak,Step,Precision,3,1193.157486,1.8849249383886257,24,Female,165.9,0.58,633,64.5,8,Right
A05,VertPeak,Step,Running,1,1605.087887,2.5356838657187994,24,Female,165.9,0.58,633,64.5,8,Right
A05,VertPeak,Step,Running,2,1815.040336,2.867362300157978,24,Female,165.9,0.58,633,64.5,8,Right
A05,VertPeak,Step,Running,3,1707.849817,2.6980249873617694,24,Female,165.9,0.58,633,64.5,8,Right
A05,VertPeak,Dash,Precision,1,1103.6924745,1.7435900071090045,24,Female,165.9,0.58,633,64.5,8,Right
A05,VertPeak,Dash,Precision,2,1021.218277,1.6132990157977882,24,Female,165.9,0.58,633,64.5,8,Right
A05,VertPeak,Dash,Precision,3,958.2155685,1.5137686706161138,24,Female,165.9,0.58,633,64.5,8,Right
A05,VertPeak,Dash,Running,1,1173.649392,1.8541064644549763,24,Female,165.9,0.58,633,64.5,8,Right
A05,VertPeak,Dash,Running,2,1307.625751,2.0657594802527646,24,Female,165.9,0.58,633,64.5,8,Right
A05,VertPeak,Dash,Running,3,1215.090444,1.9195741611374406,24,Female,165.9,0.58,633,64.5,8,Right
A05,VertPeak,Kong,Precision,1,1707.806137,2.697955982622433,24,Female,165.9,0.58,633,64.5,8,Right
A05,VertPeak,Kong,Precision,2,1771.619171,2.7987664628751974,24,Female,165.9,0.58,633,64.5,8,Right
A05,VertPeak,Kong,Precision,3,1655.425949,2.615206870458136,24,Female,165.9,0.58,633,64.5,8,Right
A05,VertPeak,Kong,Running,1,4132.329254,6.528166278041074,24,Female,165.9,0.58,633,64.5,8,Right
A05,VertPeak,Kong,Running,2,3602.126732,5.690563557661927,24,Female,165.9,0.58,633,64.5,8,Right
A05,VertPeak,Kong,Running,3,4710.808319,7.4420352590837275,24,Female,165.9,0.58,633,64.5,8,Right
A05,HorzPeak,Drop,Precision,1,474.7355955,0.7499772440758293,24,Female,165.9,0.58,633,64.5,8,Right
A05,HorzPeak,Drop,Precision,2,349.521698,0.5521669794628752,24,Female,165.9,0.58,633,64.5,8,Right
A05,HorzPeak,Drop,Precision,3,419.6815645,0.6630040513428119,24,Female,165.9,0.58,633,64.5,8,Right
A05,HorzPeak,Drop,Running,1,594.194305,0.9386955845181675,24,Female,165.9,0.58,633,64.5,8,Right
A05,HorzPeak,Drop,Running,2,646.039978,1.0206002812006318,24,Female,165.9,0.58,633,64.5,8,Right
A05,HorzPeak,Drop,Running,3,619.529327,0.9787193159557661,24,Female,165.9,0.58,633,64.5,8,Right
A05,HorzPeak,Step,Precision,1,363.113373,0.5736388199052133,24,Female,165.9,0.58,633,64.5,8,Right
A05,HorzPeak,Step,Precision,2,332.021591,0.5245206808846762,24,Female,165.9,0.58,633,64.5,8,Right
A05,HorzPeak,Step,Precision,3,332.274002,0.5249194344391785,24,Female,165.9,0.58,633,64.5,8,Right
A05,HorzPeak,Step,Running,1,212.324085,0.3354250947867298,24,Female,165.9,0.58,633,64.5,8,Right
A05,HorzPeak,Step,Running,2,256.005589,0.4044322101105845,24,Female,165.9,0.58,633,64.5,8,Right
A05,HorzPeak,Step,Running,3,377.429855,0.5962556951026856,24,Female,165.9,0.58,633,64.5,8,Right
A05,HorzPeak,Dash,Precision,1,264.5702745,0.41796251895734593,24,Female,165.9,0.58,633,64.5,8,Right
A05,HorzPeak,Dash,Precision,2,243.1158525,0.38406927725118484,24,Female,165.9,0.58,633,64.5,8,Right
A05,HorzPeak,Dash,Precision,3,177.009491,0.27963584676145337,24,Female,165.9,0.58,633,64.5,8,Right
A05,HorzPeak,Dash,Running,1,192.471268,0.30406203475513427,24,Female,165.9,0.58,633,64.5,8,Right
A05,HorzPeak,Dash,Running,2,202.790871,0.3203647251184834,24,Female,165.9,0.58,633,64.5,8,Right
A05,HorzPeak,Dash,Running,3,140.533752,0.2220122464454976,24,Female,165.9,0.58,633,64.5,8,Right
A05,HorzPeak,Kong,Precision,1,458.368561,0.7241209494470774,24,Female,165.9,0.58,633,64.5,8,Right
A05,HorzPeak,Kong,Precision,2,467.456009,0.7384771074249605,24,Female,165.9,0.58,633,64.5,8,Right
A05,HorzPeak,Kong,Precision,3,397.845169,0.6285073759873617,24,Female,165.9,0.58,633,64.5,8,Right
A05,HorzPeak,Kong,Running,1,568.193138,0.8976194913112164,24,Female,165.9,0.58,633,64.5,8,Right
A05,HorzPeak,Kong,Running,2,507.538551,0.8017986587677725,24,Female,165.9,0.58,633,64.5,8,Right
A05,HorzPeak,Kong,Running,3,666.00264,1.0521368720379147,24,Female,165.9,0.58,633,64.5,8,Right
A06,VertPeak,Drop,Precision,1,1558.934662,1.8492700616844602,41,Male,175.9,0.55,843,85.9,11,Left
A06,VertPeak,Drop,Precision,2,1408.9487455,1.671350825029656,41,Male,175.9,0.55,843,85.9,11,Left
A06,VertPeak,Drop,Precision,3,1499.2010195,1.7784116482799526,41,Male,175.9,0.55,843,85.9,11,Left
A06,VertPeak,Drop,Running,1,3241.234543,3.844880833926453,41,Male,175.9,0.55,843,85.9,11,Left
A06,VertPeak,Drop,Running,2,2863.145203,3.396376278766311,41,Male,175.9,0.55,843,85.9,11,Left
A06,VertPeak,Drop,Running,3,3024.870361,3.588221068801898,41,Male,175.9,0.55,843,85.9,11,Left
A06,VertPeak,Step,Precision,1,1769.0938875,2.098569261565836,41,Male,175.9,0.55,843,85.9,11,Left
A06,VertPeak,Step,Precision,2,1310.01622,1.553993143534994,41,Male,175.9,0.55,843,85.9,11,Left
A06,VertPeak,Step,Precision,3,1642.965088,1.9489502823250295,41,Male,175.9,0.55,843,85.9,11,Left
A06,VertPeak,Step,Running,1,2637.928177,3.1292149193357055,41,Male,175.9,0.55,843,85.9,11,Left
A06,VertPeak,Step,Running,2,2392.023788,2.837513390272835,41,Male,175.9,0.55,843,85.9,11,Left
A06,VertPeak,Step,Running,3,2706.721036,3.210819734282325,41,Male,175.9,0.55,843,85.9,11,Left
A06,VertPeak,Dash,Precision,1,1521.0308685,1.8043070800711745,41,Male,175.9,0.55,843,85.9,11,Left
A06,VertPeak,Dash,Precision,2,1616.5721435,1.9176419258600237,41,Male,175.9,0.55,843,85.9,11,Left
A06,VertPeak,Dash,Precision,3,1651.4735105,1.9590433102016607,41,Male,175.9,0.55,843,85.9,11,Left
A06,VertPeak,Dash,Running,1,1877.992416,2.2277490106761566,41,Male,175.9,0.55,843,85.9,11,Left
A06,VertPeak,Dash,Running,2,1623.056824,1.9253343107947805,41,Male,175.9,0.55,843,85.9,11,Left
A06,VertPeak,Dash,Running,3,1597.058418,1.8944939715302491,41,Male,175.9,0.55,843,85.9,11,Left
A06,VertPeak,Kong,Precision,1,2401.1875915,2.848383857058126,41,Male,175.9,0.55,843,85.9,11,Left
A06,VertPeak,Kong,Precision,2,2124.008911,2.519583524317912,41,Male,175.9,0.55,843,85.9,11,Left
A06,VertPeak,Kong,Precision,3,2190.8634035,2.598888972123369,41,Male,175.9,0.55,843,85.9,11,Left
A06,VertPeak,Kong,Running,1,3564.428619,4.228266451957295,41,Male,175.9,0.55,843,85.9,11,Left
A06,VertPeak,Kong,Running,2,3467.59314,4.113396370106761,41,Male,175.9,0.55,843,85.9,11,Left
A06,VertPeak,Kong,Running,3,3174.867828,3.7661540071174375,41,Male,175.9,0.55,843,85.9,11,Left
A06,HorzPeak,Drop,Precision,1,267.5560915,0.31738563641755635,41,Male,175.9,0.55,843,85.9,11,Left
A06,HorzPeak,Drop,Precision,2,245.2913515,0.29097431969157767,41,Male,175.9,0.55,843,85.9,11,Left
A06,HorzPeak,Drop,Precision,3,278.342209,0.330180556346382,41,Male,175.9,0.55,843,85.9,11,Left
A06,HorzPeak,Drop,Running,1,299.901596,0.3557551553973903,41,Male,175.9,0.55,843,85.9,11,Left
A06,HorzPeak,Drop,Running,2,213.549446,0.25332081376037957,41,Male,175.9,0.55,843,85.9,11,Left
A06,HorzPeak,Drop,Running,3,214.702118,0.25468815895610913,41,Male,175.9,0.55,843,85.9,11,Left
A06,HorzPeak,Step,Precision,1,362.294449,0.4297680296559905,41,Male,175.9,0.55,843,85.9,11,Left
A06,HorzPeak,Step,Precision,2,325.7677535,0.38643861625148285,41,Male,175.9,0.55,843,85.9,11,Left
A06,HorzPeak,Step,Precision,3,324.3437195,0.3847493706998814,41,Male,175.9,0.55,843,85.9,11,Left
A06,HorzPeak,Step,Running,1,303.859665,0.36045037366548044,41,Male,175.9,0.55,843,85.9,11,Left
A06,HorzPeak,Step,Running,2,245.347755,0.2910412277580071,41,Male,175.9,0.55,843,85.9,11,Left
A06,HorzPeak,Step,Running,3,384.526184,0.45614019454329774,41,Male,175.9,0.55,843,85.9,11,Left
A06,HorzPeak,Dash,Precision,1,227.994461,0.2704560628706999,41,Male,175.9,0.55,843,85.9,11,Left
A06,HorzPeak,Dash,Precision,2,263.381546,0.31243362514828,41,Male,175.9,0.55,843,85.9,11,Left
A06,HorzPeak,Dash,Precision,3,262.1038665,0.31091799110320284,41,Male,175.9,0.55,843,85.9,11,Left
A06,HorzPeak,Dash,Running,1,94.528108,0.11213298695136419,41,Male,175.9,0.55,843,85.9,11,Left
A06,HorzPeak,Dash,Running,2,93.975763,0.11147777342823251,41,Male,175.9,0.55,843,85.9,11,Left
A06,HorzPeak,Dash,Running,3,184.736961,0.21914230249110322,41,Male,175.9,0.55,843,85.9,11,Left
A06,HorzPeak,Kong,Precision,1,666.5203855,0.7906528890865955,41,Male,175.9,0.55,843,85.9,11,Left
A06,HorzPeak,Kong,Precision,2,564.8795015,0.6700824454329773,41,Male,175.9,0.55,843,85.9,11,Left
A06,HorzPeak,Kong,Precision,3,365.355278,0.43339890628707,41,Male,175.9,0.55,843,85.9,11,Left
A06,HorzPeak,Kong,Running,1,412.823105,0.4897071233689205,41,Male,175.9,0.55,843,85.9,11,Left
A06,HorzPeak,Kong,Running,2,413.398193,0.490389315539739,41,Male,175.9,0.55,843,85.9,11,Left
A06,HorzPeak,Kong,Running,3,424.407043,0.5034484495848162,41,Male,175.9,0.55,843,85.9,11,Left
A07,VertPeak,Drop,Precision,1,980.348076,1.2331422339622642,35,Male,181.9,0.53,795,81,16,Left
A07,VertPeak,Drop,Precision,2,905.9890595,1.1396088798742139,35,Male,181.9,0.53,795,81,16,Left
A07,VertPeak,Drop,Precision,3,789.162628,0.9926573937106918,35,Male,181.9,0.53,795,81,16,Left
A07,VertPeak,Drop,Running,1,2380.453156,2.9942806993710693,35,Male,181.9,0.53,795,81,16,Left
A07,VertPeak,Drop,Running,2,2772.294678,3.487163116981132,35,Male,181.9,0.53,795,81,16,Left
A07,VertPeak,Drop,Running,3,2489.870575,3.1319126729559748,35,Male,181.9,0.53,795,81,16,Left
A07,VertPeak,Step,Precision,1,849.4874495,1.068537672327044,35,Male,181.9,0.53,795,81,16,Left
A07,VertPeak,Step,Precision,2,817.357361,1.0281224666666666,35,Male,181.9,0.53,795,81,16,Left
A07,VertPeak,Step,Precision,3,795.887436,1.0011162716981132,35,Male,181.9,0.53,795,81,16,Left
A07,VertPeak,Step,Running,1,2061.830261,2.593497183647799,35,Male,181.9,0.53,795,81,16,Left
A07,VertPeak,Step,Running,2,1934.795685,2.4337052641509436,35,Male,181.9,0.53,795,81,16,Left
A07,VertPeak,Step,Running,3,1826.466812,2.29744253081761,35,Male,181.9,0.53,795,81,16,Left
A07,VertPeak,Dash,Precision,1,1049.582329,1.320229344654088,35,Male,181.9,0.53,795,81,16,Left
A07,VertPeak,Dash,Precision,2,1104.519821,1.3893331081761007,35,Male,181.9,0.53,795,81,16,Left
A07,VertPeak,Dash,Precision,3,766.180008,0.9637484377358491,35,Male,181.9,0.53,795,81,16,Left
A07,VertPeak,Dash,Running,1,1878.208862,2.3625268704402513,35,Male,181.9,0.53,795,81,16,Left
A07,VertPeak,Dash,Running,2,1796.445267,2.2596795811320756,35,Male,181.9,0.53,795,81,16,Left
A07,VertPeak,Dash,Running,3,1908.404617,2.4005089522012577,35,Male,181.9,0.53,795,81,16,Left
A07,VertPeak,Kong,Precision,1,1186.8572695,1.4929022257861635,35,Male,181.9,0.53,795,81,16,Left
A07,VertPeak,Kong,Precision,2,1667.3061525,2.0972404433962266,35,Male,181.9,0.53,795,81,16,Left
A07,VertPeak,Kong,Precision,3,970.827072,1.2211661283018869,35,Male,181.9,0.53,795,81,16,Left
A07,VertPeak,Kong,Running,1,2387.335205,3.002937364779874,35,Male,181.9,0.53,795,81,16,Left
A07,VertPeak,Kong,Running,2,2367.119781,2.977509158490566,35,Male,181.9,0.53,795,81,16,Left
A07,VertPeak,Kong,Running,3,2159.638748,2.716526727044025,35,Male,181.9,0.53,795,81,16,Left
A07,HorzPeak,Drop,Precision,1,197.097481,0.24792135974842766,35,Male,181.9,0.53,795,81,16,Left
A07,HorzPeak,Drop,Precision,2,196.993431,0.247790479245283,35,Male,181.9,0.53,795,81,16,Left
A07,HorzPeak,Drop,Precision,3,188.653206,0.23729963018867925,35,Male,181.9,0.53,795,81,16,Left
A07,HorzPeak,Drop,Running,1,132.114033,0.16618117358490567,35,Male,181.9,0.53,795,81,16,Left
A07,HorzPeak,Drop,Running,2,192.552216,0.24220404528301887,35,Male,181.9,0.53,795,81,16,Left
A07,HorzPeak,Drop,Running,3,153.169609,0.1926661748427673,35,Male,181.9,0.53,795,81,16,Left
A07,HorzPeak,Step,Precision,1,225.7590255,0.2839736169811321,35,Male,181.9,0.53,795,81,16,Left
A07,HorzPeak,Step,Precision,2,198.0567095,0.24912793647798742,35,Male,181.9,0.53,795,81,16,Left
A07,HorzPeak,Step,Precision,3,185.5864565,0.23344208364779873,35,Male,181.9,0.53,795,81,16,Left
A07,HorzPeak,Step,Running,1,178.631004,0.2246930867924528,35,Male,181.9,0.53,795,81,16,Left
A07,HorzPeak,Step,Running,2,88.654839,0.11151552075471698,35,Male,181.9,0.53,795,81,16,Left
A07,HorzPeak,Step,Running,3,99.094967,0.1246477572327044,35,Male,181.9,0.53,795,81,16,Left
A07,HorzPeak,Dash,Precision,1,231.0494995,0.29062830125786165,35,Male,181.9,0.53,795,81,16,Left
A07,HorzPeak,Dash,Precision,2,224.142761,0.28194057987421384,35,Male,181.9,0.53,795,81,16,Left
A07,HorzPeak,Dash,Precision,3,176.0399095,0.22143384842767294,35,Male,181.9,0.53,795,81,16,Left
A07,HorzPeak,Dash,Running,1,125.659081,0.15806173710691823,35,Male,181.9,0.53,795,81,16,Left
A07,HorzPeak,Dash,Running,2,53.240664,0.06696938867924529,35,Male,181.9,0.53,795,81,16,Left
A07,HorzPeak,Dash,Running,3,55.208694,0.06944489811320755,35,Male,181.9,0.53,795,81,16,Left
A07,HorzPeak,Kong,Precision,1,332.581024,0.41834091069182394,35,Male,181.9,0.53,795,81,16,Left
A07,HorzPeak,Kong,Precision,2,503.024826,0.6327356301886793,35,Male,181.9,0.53,795,81,16,Left
A07,HorzPeak,Kong,Precision,3,277.680084,0.3492831245283019,35,Male,181.9,0.53,795,81,16,Left
A07,HorzPeak,Kong,Running,1,419.853668,0.5281178213836478,35,Male,181.9,0.53,795,81,16,Left
A07,HorzPeak,Kong,Running,2,369.071121,0.4642404037735849,35,Male,181.9,0.53,795,81,16,Left
A07,HorzPeak,Kong,Running,3,315.855835,0.3973029371069183,35,Male,181.9,0.53,795,81,16,Left
B08,VertPeak,Drop,Precision,1,946.3125765,1.1858553590225565,21,Male,186.4,0.52,798,81.3,5,Right
B08,VertPeak,Drop,Precision,2,1072.734726,1.3442791052631577,21,Male,186.4,0.52,798,81.3,5,Right
B08,VertPeak,Drop,Precision,3,968.2770235,1.2133797286967418,21,Male,186.4,0.52,798,81.3,5,Right
B08,VertPeak,Drop,Running,1,2397.269592,3.0040972330827067,21,Male,186.4,0.52,798,81.3,5,Right
B08,VertPeak,Drop,Running,2,2529.158203,3.1693711817042605,21,Male,186.4,0.52,798,81.3,5,Right
B08,VertPeak,Drop,Running,3,2531.757446,3.1726283784461153,21,Male,186.4,0.52,798,81.3,5,Right
B08,VertPeak,Step,Precision,1,863.8252105,1.0824877324561404,21,Male,186.4,0.52,798,81.3,5,Right
B08,VertPeak,Step,Precision,2,829.538521,1.0395219561403508,21,Male,186.4,0.52,798,81.3,5,Right
B08,VertPeak,Step,Precision,3,900.670891,1.1286602644110275,21,Male,186.4,0.52,798,81.3,5,Right
B08,VertPeak,Step,Running,1,1648.827011,2.066199261904762,21,Male,186.4,0.52,798,81.3,5,Right
B08,VertPeak,Step,Running,2,1509.824707,1.892010911027569,21,Male,186.4,0.52,798,81.3,5,Right
B08,VertPeak,Step,Running,3,1341.553864,1.6811451929824561,21,Male,186.4,0.52,798,81.3,5,Right
B08,VertPeak,Dash,Precision,1,853.8666915,1.070008385338346,21,Male,186.4,0.52,798,81.3,5,Right
B08,VertPeak,Dash,Precision,2,938.833557,1.1764831541353384,21,Male,186.4,0.52,798,81.3,5,Right
B08,VertPeak,Dash,Precision,3,916.040573,1.1479205175438596,21,Male,186.4,0.52,798,81.3,5,Right
B08,VertPeak,Dash,Running,1,1916.670959,2.401843307017544,21,Male,186.4,0.52,798,81.3,5,Right
B08,VertPeak,Dash,Running,2,1720.945709,2.1565735701754387,21,Male,186.4,0.52,798,81.3,5,Right
B08,VertPeak,Dash,Running,3,1574.598312,1.9731808421052632,21,Male,186.4,0.52,798,81.3,5,Right
B08,VertPeak,Kong,Precision,1,1198.809845,1.5022679761904763,21,Male,186.4,0.52,798,81.3,5,Right
B08,VertPeak,Kong,Precision,2,1235.7505495,1.548559585839599,21,Male,186.4,0.52,798,81.3,5,Right
B08,VertPeak,Kong,Precision,3,978.808594,1.2265771854636591,21,Male,186.4,0.52,798,81.3,5,Right
B08,VertPeak,Kong,Running,1,3426.109573,4.293370392230576,21,Male,186.4,0.52,798,81.3,5,Right
B08,VertPeak,Kong,Running,2,2969.113403,3.7206934874686715,21,Male,186.4,0.52,798,81.3,5,Right
B08,VertPeak,Kong,Running,3,2560.328186,3.2084313107769424,21,Male,186.4,0.52,798,81.3,5,Right
B08,HorzPeak,Drop,Precision,1,135.436756,0.1697202456140351,21,Male,186.4,0.52,798,81.3,5,Right
B08,HorzPeak,Drop,Precision,2,161.157585,0.20195186090225564,21,Male,186.4,0.52,798,81.3,5,Right
B08,HorzPeak,Drop,Precision,3,172.241707,0.21584173809523807,21,Male,186.4,0.52,798,81.3,5,Right
B08,HorzPeak,Drop,Running,1,84.941587,0.10644309147869674,21,Male,186.4,0.52,798,81.3,5,Right
B08,HorzPeak,Drop,Running,2,55.76833,0.06988512531328321,21,Male,186.4,0.52,798,81.3,5,Right
B08,HorzPeak,Drop,Running,3,159.598137,0.19999766541353384,21,Male,186.4,0.52,798,81.3,5,Right
B08,HorzPeak,Step,Precision,1,178.8201905,0.22408545175438596,21,Male,186.4,0.52,798,81.3,5,Right
B08,HorzPeak,Step,Precision,2,214.8443755,0.26922854072681707,21,Male,186.4,0.52,798,81.3,5,Right
B08,HorzPeak,Step,Precision,3,186.860306,0.2341607844611529,21,Male,186.4,0.52,798,81.3,5,Right
B08,HorzPeak,Step,Running,1,101.617445,0.127340156641604,21,Male,186.4,0.52,798,81.3,5,Right
B08,HorzPeak,Step,Running,2,65.727549,0.08236534962406014,21,Male,186.4,0.52,798,81.3,5,Right
B08,HorzPeak,Step,Running,3,154.666817,0.1938180664160401,21,Male,186.4,0.52,798,81.3,5,Right
B08,HorzPeak,Dash,Precision,1,207.4001925,0.25989999060150376,21,Male,186.4,0.52,798,81.3,5,Right
B08,HorzPeak,Dash,Precision,2,220.0391615,0.2757382976190476,21,Male,186.4,0.52,798,81.3,5,Right
B08,HorzPeak,Dash,Precision,3,204.093109,0.25575577568922303,21,Male,186.4,0.52,798,81.3,5,Right
B08,HorzPeak,Dash,Running,1,138.969456,0.17414718796992482,21,Male,186.4,0.52,798,81.3,5,Right
B08,HorzPeak,Dash,Running,2,53.590038,0.06715543609022556,21,Male,186.4,0.52,798,81.3,5,Right
B08,HorzPeak,Dash,Running,3,67.355274,0.08440510526315789,21,Male,186.4,0.52,798,81.3,5,Right
B08,HorzPeak,Kong,Precision,1,342.871811,0.4296639235588972,21,Male,186.4,0.52,798,81.3,5,Right
B08,HorzPeak,Kong,Precision,2,340.453186,0.4266330651629073,21,Male,186.4,0.52,798,81.3,5,Right
B08,HorzPeak,Kong,Precision,3,267.6343535,0.3353813953634085,21,Male,186.4,0.52,798,81.3,5,Right
B08,HorzPeak,Kong,Running,1,424.611679,0.5320948358395989,21,Male,186.4,0.52,798,81.3,5,Right
B08,HorzPeak,Kong,Running,2,364.656853,0.45696347493734335,21,Male,186.4,0.52,798,81.3,5,Right
B08,HorzPeak,Kong,Running,3,405.694885,0.5083895802005013,21,Male,186.4,0.52,798,81.3,5,Right
B09,VertPeak,Drop,Precision,1,1579.4014585,1.9522885766378244,24,Male,177.8,0.54,809,82.5,7,Left
B09,VertPeak,Drop,Precision,2,1195.55719,1.477821001236094,24,Male,177.8,0.54,809,82.5,7,Left
B09,VertPeak,Drop,Precision,3,1161.538254,1.4357704004944376,24,Male,177.8,0.54,809,82.5,7,Left
B09,VertPeak,Drop,Running,1,2584.983887,3.195282925834363,24,Male,177.8,0.54,809,82.5,7,Left
B09,VertPeak,Drop,Running,2,2405.303238,2.973180763906057,24,Male,177.8,0.54,809,82.5,7,Left
B09,VertPeak,Drop,Running,3,2075.931244,2.566046037082818,24,Male,177.8,0.54,809,82.5,7,Left
B09,VertPeak,Step,Precision,1,1046.6926725,1.2938104728059334,24,Male,177.8,0.54,809,82.5,7,Left
B09,VertPeak,Step,Precision,2,1044.085602,1.2905878887515452,24,Male,177.8,0.54,809,82.5,7,Left
B09,VertPeak,Step,Precision,3,901.1834795,1.1139474406674907,24,Male,177.8,0.54,809,82.5,7,Left
B09,VertPeak,Step,Running,1,2075.144058,2.565073001236094,24,Male,177.8,0.54,809,82.5,7,Left
B09,VertPeak,Step,Running,2,2077.883453,2.568459150803461,24,Male,177.8,0.54,809,82.5,7,Left
B09,VertPeak,Step,Running,3,2100.677444,2.5966346650185415,24,Male,177.8,0.54,809,82.5,7,Left
B09,VertPeak,Dash,Precision,1,952.3888245,1.1772420574783684,24,Male,177.8,0.54,809,82.5,7,Left
B09,VertPeak,Dash,Precision,2,995.257065,1.2302312299134734,24,Male,177.8,0.54,809,82.5,7,Left
B09,VertPeak,Dash,Precision,3,1060.0251465,1.3102906631644005,24,Male,177.8,0.54,809,82.5,7,Left
B09,VertPeak,Dash,Running,1,2109.522369,2.6075678232385657,24,Male,177.8,0.54,809,82.5,7,Left
B09,VertPeak,Dash,Running,2,1799.565727,2.2244322954264524,24,Male,177.8,0.54,809,82.5,7,Left
B09,VertPeak,Dash,Running,3,1874.871277,2.3175170296662544,24,Male,177.8,0.54,809,82.5,7,Left
B09,VertPeak,Kong,Precision,1,1675.677368,2.0712946452410383,24,Male,177.8,0.54,809,82.5,7,Left
B09,VertPeak,Kong,Precision,2,1822.967163,2.2533586687268232,24,Male,177.8,0.54,809,82.5,7,Left
B09,VertPeak,Kong,Precision,3,1405.3507235,1.7371455173053152,24,Male,177.8,0.54,809,82.5,7,Left
B09,VertPeak,Kong,Running,1,2312.880615,2.8589377194066747,24,Male,177.8,0.54,809,82.5,7,Left
B09,VertPeak,Kong,Running,2,2189.038086,2.705856719406675,24,Male,177.8,0.54,809,82.5,7,Left
B09,VertPeak,Kong,Running,3,2167.242523,2.6789153559950556,24,Male,177.8,0.54,809,82.5,7,Left
B09,HorzPeak,Drop,Precision,1,432.1552275,0.5341844592088999,24,Male,177.8,0.54,809,82.5,7,Left
B09,HorzPeak,Drop,Precision,2,339.590439,0.4197656847960445,24,Male,177.8,0.54,809,82.5,7,Left
B09,HorzPeak,Drop,Precision,3,314.6347655,0.3889181279357231,24,Male,177.8,0.54,809,82.5,7,Left
B09,HorzPeak,Drop,Running,1,337.320618,0.4169599728059333,24,Male,177.8,0.54,809,82.5,7,Left
B09,HorzPeak,Drop,Running,2,355.286362,0.43916732014833126,24,Male,177.8,0.54,809,82.5,7,Left
B09,HorzPeak,Drop,Running,3,297.451492,0.3676779876390605,24,Male,177.8,0.54,809,82.5,7,Left
B09,HorzPeak,Step,Precision,1,233.077057,0.2881051384425216,24,Male,177.8,0.54,809,82.5,7,Left
B09,HorzPeak,Step,Precision,2,220.582527,0.2726607255871446,24,Male,177.8,0.54,809,82.5,7,Left
B09,HorzPeak,Step,Precision,3,246.523163,0.30472578862793576,24,Male,177.8,0.54,809,82.5,7,Left
B09,HorzPeak,Step,Running,1,221.649948,0.2739801582200247,24,Male,177.8,0.54,809,82.5,7,Left
B09,HorzPeak,Step,Running,2,212.026093,0.2620841693448702,24,Male,177.8,0.54,809,82.5,7,Left
B09,HorzPeak,Step,Running,3,184.671059,0.22827077750309024,24,Male,177.8,0.54,809,82.5,7,Left
B09,HorzPeak,Dash,Precision,1,244.136322,0.3017754289245983,24,Male,177.8,0.54,809,82.5,7,Left
B09,HorzPeak,Dash,Precision,2,277.032242,0.3424378763906057,24,Male,177.8,0.54,809,82.5,7,Left
B09,HorzPeak,Dash,Precision,3,294.693718,0.3642691199011125,24,Male,177.8,0.54,809,82.5,7,Left
B09,HorzPeak,Dash,Running,1,224.965141,0.27807804820766374,24,Male,177.8,0.54,809,82.5,7,Left
B09,HorzPeak,Dash,Running,2,116.613701,0.1441454894932015,24,Male,177.8,0.54,809,82.5,7,Left
B09,HorzPeak,Dash,Running,3,193.751633,0.23949522002472187,24,Male,177.8,0.54,809,82.5,7,Left
B09,HorzPeak,Kong,Precision,1,467.5900575,0.5779852379480841,24,Male,177.8,0.54,809,82.5,7,Left
B09,HorzPeak,Kong,Precision,2,503.084732,0.6218599901112484,24,Male,177.8,0.54,809,82.5,7,Left
B09,HorzPeak,Kong,Precision,3,380.7246855,0.47061147775030904,24,Male,177.8,0.54,809,82.5,7,Left
B09,HorzPeak,Kong,Running,1,506.626038,0.6262373770086527,24,Male,177.8,0.54,809,82.5,7,Left
B09,HorzPeak,Kong,Running,2,335.971527,0.415292369592089,24,Male,177.8,0.54,809,82.5,7,Left
B09,HorzPeak,Kong,Running,3,393.713379,0.4866667231149567,24,Male,177.8,0.54,809,82.5,7,Left
C10,VertPeak,Drop,Precision,1,1235.0723685,1.7543641598011364,24,Male,178,0.54,704,71.8,11,Left
C10,VertPeak,Drop,Precision,2,1102.605644,1.5662011988636364,24,Male,178,0.54,704,71.8,11,Left
C10,VertPeak,Drop,Precision,3,1063.741089,1.5109958650568183,24,Male,178,0.54,704,71.8,11,Left
C10,VertPeak,Drop,Running,1,2188.563157,3.108754484375,24,Male,178,0.54,704,71.8,11,Left
C10,VertPeak,Drop,Running,2,3220.658168,4.574798534090909,24,Male,178,0.54,704,71.8,11,Left
C10,VertPeak,Drop,Running,3,1977.635141,2.809140825284091,24,Male,178,0.54,704,71.8,11,Left
C10,VertPeak,Step,Precision,1,1135.1620905,1.612446151278409,24,Male,178,0.54,704,71.8,11,Left
C10,VertPeak,Step,Precision,2,1009.625832,1.4341276022727272,24,Male,178,0.54,704,71.8,11,Left
C10,VertPeak,Step,Precision,3,1409.730526,2.0024581335227274,24,Male,178,0.54,704,71.8,11,Left
C10,VertPeak,Step,Running,1,3302.629926,4.69123569034091,24,Male,178,0.54,704,71.8,11,Left
C10,VertPeak,Step,Running,2,2712.551181,3.853055654829545,24,Male,178,0.54,704,71.8,11,Left
C10,VertPeak,Step,Running,3,2100.508147,2.9836763451704544,24,Male,178,0.54,704,71.8,11,Left
C10,VertPeak,Dash,Precision,1,1388.136377,1.9717846264204546,24,Male,178,0.54,704,71.8,11,Left
C10,VertPeak,Dash,Precision,2,899.1132965,1.2771495688920456,24,Male,178,0.54,704,71.8,11,Left
C10,VertPeak,Dash,Precision,3,919.4877355,1.3060905333806818,24,Male,178,0.54,704,71.8,11,Left
C10,VertPeak,Dash,Running,1,3362.35994,4.7760794602272725,24,Male,178,0.54,704,71.8,11,Left
C10,VertPeak,Dash,Running,2,1481.276204,2.1040855170454544,24,Male,178,0.54,704,71.8,11,Left
C10,VertPeak,Dash,Running,3,1752.365127,2.489155009943182,24,Male,178,0.54,704,71.8,11,Left
C10,VertPeak,Kong,Precision,1,2003.470886,2.8458393267045454,24,Male,178,0.54,704,71.8,11,Left
C10,VertPeak,Kong,Precision,2,1386.584358,1.9695800539772728,24,Male,178,0.54,704,71.8,11,Left
C10,VertPeak,Kong,Precision,3,1650.0791395,2.3438624140625,24,Male,178,0.54,704,71.8,11,Left
C10,VertPeak,Kong,Running,1,2805.177452,3.9846270625,24,Male,178,0.54,704,71.8,11,Left
C10,VertPeak,Kong,Running,2,3319.169647,4.714729612215909,24,Male,178,0.54,704,71.8,11,Left
C10,VertPeak,Kong,Running,3,2408.344643,3.4209440951704546,24,Male,178,0.54,704,71.8,11,Left
C10,HorzPeak,Drop,Precision,1,266.1523745,0.37805735014204545,24,Male,178,0.54,704,71.8,11,Left
C10,HorzPeak,Drop,Precision,2,199.3936235,0.28322957883522726,24,Male,178,0.54,704,71.8,11,Left
C10,HorzPeak,Drop,Precision,3,214.978729,0.3053675127840909,24,Male,178,0.54,704,71.8,11,Left
C10,HorzPeak,Drop,Running,1,416.938828,0.5922426534090909,24,Male,178,0.54,704,71.8,11,Left
C10,HorzPeak,Drop,Running,2,394.464325,0.5603186434659091,24,Male,178,0.54,704,71.8,11,Left
C10,HorzPeak,Drop,Running,3,129.964478,0.1846086335227273,24,Male,178,0.54,704,71.8,11,Left
C10,HorzPeak,Step,Precision,1,207.4913405,0.2947320177556818,24,Male,178,0.54,704,71.8,11,Left
C10,HorzPeak,Step,Precision,2,191.787674,0.2724256732954546,24,Male,178,0.54,704,71.8,11,Left
C10,HorzPeak,Step,Precision,3,264.125839,0.3751787485795454,24,Male,178,0.54,704,71.8,11,Left
C10,HorzPeak,Step,Running,1,189.587936,0.2693010454545455,24,Male,178,0.54,704,71.8,11,Left
C10,HorzPeak,Step,Running,2,299.022003,0.4247471633522727,24,Male,178,0.54,704,71.8,11,Left
C10,HorzPeak,Step,Running,3,147.831993,0.20998862642045457,24,Male,178,0.54,704,71.8,11,Left
C10,HorzPeak,Dash,Precision,1,193.084732,0.27426808522727275,24,Male,178,0.54,704,71.8,11,Left
C10,HorzPeak,Dash,Precision,2,169.4444505,0.2406881399147727,24,Male,178,0.54,704,71.8,11,Left
C10,HorzPeak,Dash,Precision,3,162.8248215,0.2312852578125,24,Male,178,0.54,704,71.8,11,Left
C10,HorzPeak,Dash,Running,1,172.8433,0.24551605113636363,24,Male,178,0.54,704,71.8,11,Left
C10,HorzPeak,Dash,Running,2,36.362307,0.05165100426136364,24,Male,178,0.54,704,71.8,11,Left
C10,HorzPeak,Dash,Running,3,39.845761,0.05659909232954546,24,Male,178,0.54,704,71.8,11,Left
C10,HorzPeak,Kong,Precision,1,525.37265,0.74626796875,24,Male,178,0.54,704,71.8,11,Left
C10,HorzPeak,Kong,Precision,2,365.7963105,0.5195970319602273,24,Male,178,0.54,704,71.8,11,Left
C10,HorzPeak,Kong,Precision,3,386.3438875,0.5487839311079545,24,Male,178,0.54,704,71.8,11,Left
C10,HorzPeak,Kong,Running,1,663.000061,0.9417614502840909,24,Male,178,0.54,704,71.8,11,Left
C10,HorzPeak,Kong,Running,2,440.606689,0.6258617741477273,24,Male,178,0.54,704,71.8,11,Left
C10,HorzPeak,Kong,Running,3,389.580368,0.5533812045454546,24,Male,178,0.54,704,71.8,11,Left
